{
  "Corners": [
    {
      "x": 0.0,
      "y": 0.0,
      "z": 0.0,
      "magnitude": 0.0,
      "sqrMagnitude": 0.0
    },
    {
      "x": 0.0195333045,
      "y": -0.465598345,
      "z": 0.6806176,
      "normalized": {
        "x": 0.0236805845,
        "y": -0.5644534,
        "z": 0.8251252,
        "magnitude": 1.0,
        "sqrMagnitude": 1.00000012
      },
      "magnitude": 0.8248658,
      "sqrMagnitude": 0.68040365
    },
    {
      "x": 0.013409256,
      "y": -0.476014316,
      "z": 0.6766423,
      "normalized": {
        "x": 0.01620622,
        "y": -0.575303555,
        "z": 0.8177794,
        "magnitude": 1.0,
        "sqrMagnitude": 1.0
      },
      "magnitude": 0.8274142,
      "sqrMagnitude": 0.684614241
    }
  ]
}